Player,Mat,Inns,NO,Runs,HS,Ave,BF,SR,100,50,0,4s,6s
AB de Villiers,16,14,3,513,133*,46.63,293,175.08,1,2,1,60,22
V Kohli,16,16,5,505,82*,45.9,386,130.82,0,3,0,35,23
CH Gayle,14,14,2,491,117,40.91,333,147.44,1,2,0,39,38
D Wiese,14,7,3,122,47*,30.5,86,141.86,0,0,0,12,4
SN Khan,13,8,4,111,45*,27.75,71,156.33,0,0,0,12,2
Mandeep Singh,14,9,2,157,54*,22.42,100,157,0,1,2,17,6
MS Bisla,2,2,0,37,20,18.5,30,123.33,0,0,0,6,1
KD Karthik,16,11,0,141,28,12.81,117,120.51,0,0,0,15,4
MA Starc,13,3,2,11,9*,11,14,78.57,0,0,0,1,0
Iqbal Abdulla,5,2,0,20,20,10,18,111.11,0,0,1,4,0
AN Ahmed,3,3,2,10,5*,10,5,200,0,0,0,2,0
SA Abbott,2,2,0,15,14,7.5,13,115.38,0,0,0,1,1
RR Rossouw,2,2,0,14,14,7,10,140,0,0,1,1,1
DJG Sammy,2,2,0,13,7,6.5,18,72.22,0,0,0,0,0
VR Aaron,6,1,0,6,6,6,3,200,0,0,0,0,1
NJ Maddinson,1,1,0,4,4,4,7,57.14,0,0,0,1,0
HV Patel,15,7,2,19,9*,3.8,12,158.33,0,0,2,0,2
YS Chahal,15,2,2,1,1*,-,1,100,0,0,0,0,0
